{
  "project_info": {
    "project_number": "183341836605",
    "project_id": "proyecto-iot-23768",
    "storage_bucket": "proyecto-iot-23768.appspot.com"
  },
  "client": [
    {
      "client_info": {
        "mobilesdk_app_id": "1:183341836605:android:2f41f39bc8672fdbe33d54",
        "android_client_info": {
          "package_name": "es.upv.iot.proyecto"
        }
      },
      "oauth_client": [
        {
          "client_id": "183341836605-kdqjio03rqskismj3h9bmg88b6j1rval.apps.googleusercontent.com",
          "client_type": 1,
          "android_info": {
            "package_name": "es.upv.iot.proyecto",
            "certificate_hash": "7257a0d3bebcc807ff14e4c6edab86639934320b"
          }
        },
        {
          "client_id": "183341836605-qtni1mel8gst36ldq3grk7atm6gf1h6v.apps.googleusercontent.com",
          "client_type": 3
        }
      ],
      "api_key": [
        {
          "current_key": "AIzaSyDEWI02nkHnjJ9iOdifbmC4QelTbUNg1t4"
        }
      ],
      "services": {
        "appinvite_service": {
          "other_platform_oauth_client": [
            {
              "client_id": "183341836605-qtni1mel8gst36ldq3grk7atm6gf1h6v.apps.googleusercontent.com",
              "client_type": 3
            }
          ]
        }
      }
    }
  ],
  "configuration_version": "1"
}